badge,name,volume,price,stock
,Pétrus 2010,750 ml bottle,"$9200.00
Price $9200.00",Check Availability
,Eisele Vineyard Cabernet Sauvignon,6000 ml bottle,"$6835.00
Price $6835.00",Check Availability
,Único 2010,3000 ml bottle,"$5925.00
Price $5925.00",Check Availability
,Único 2005,3000 ml bottle,"$5840.00
Price $5840.00",Check Availability
,Château Lafite Rothschild 2020,3000 ml bottle,"$5390.85
Price $5390.85",Check Availability
,Único 2009,3000 ml bottle,"$5345.00
Price $5345.00",Check Availability
,Guado al Tasso Matarocchio 2013,3000 ml bottle,"$4967.00
Price $4967.00",Check Availability
,Château Haut-Brion 2020,3000 ml bottle,"$4949.85
Price $4949.85",Check Availability
,Remoissenet Père Et Fils Richebourg Grand Cru 1978,1500 ml bottle,"$4630.00
Price $4630.00",Check Availability
,Dal Forno Romano Monte Lodoletta Amarone della Valpolicella 2012,5000 ml bottle,"$4565.00
Price $4565.00",Check Availability
,Luce 2015,18000 ml bottle,"$4415.00
Price $4415.00",Check Availability
,Château Lafite-Rothschild 2000,750 ml bottle,"$4170.00
Price $4170.00",Check Availability
,Dal Forno Romano Monte Lodoletta Amarone della Valpolicella 2011,5000 ml bottle,"$4160.00
Price $4160.00",Check Availability
,Guado al Tasso 2003,6000 ml bottle,"$3995.00
Price $3995.00",Check Availability
,Château Margaux 1983,750 ml bottle,"$3995.00
Price $3995.00",Check Availability
,Ca' Marcanda Camarcanda 2020,6000 ml bottle,"$3740.00
Price $3740.00",Check Availability
,Château Lafite-Rothschild 2011,1500 ml bottle,"$3740.00
Price $3740.00",Check Availability
,Valbuena 5°,6000 ml bottle,"$3675.00
Price $3675.00",Check Availability
,Hospices de Beaune Cuvée Jean-Luc Bissey Échezeaux Grand Cru 2014,1500 ml bottle,"$3670.00
Price $3670.00",Available
,Eisele Vineyard Cabernet Sauvignon,3000 ml bottle,"$3420.00
Price $3420.00",Check Availability
,Château Margaux 2003,1500 ml bottle,"$3400.00
Price $3400.00",Check Availability
,Remoissenet Père & Fils Richebourg Grand Cru 1953,750 ml bottle,"$3350.00
Price $3350.00",Check Availability
,Château Margaux 1986,750 ml bottle,"$3295.00
Price $3295.00",Check Availability
,House of Mandela Centennial 2017,750 ml bottle,"$3245.00
Price $3245.00",Check Availability
,Guado al Tasso Matarocchio 2007,1500 ml bottle,"$3076.00
Price $3076.00",Check Availability
,Château Lafite-Rothschild 1990,750 ml bottle,"$3010.00
Price $3010.00",Check Availability
,Château Margaux 1996,750 ml bottle,"$2995.00
Price $2995.00",Check Availability
,Solaia 2020,3000 ml bottle,"$2942.00
Price $2942.00",Check Availability
,Château Lafite Rothschild 2003,750 ml bottle,"$2820.00
Price $2820.00",Check Availability
,Château Margaux 2000,750 ml bottle,"$2800.00
Price $2800.00",Check Availability
,Château Margaux 1989,750 ml bottle,"$2795.00
Price $2795.00",Check Availability
,Guado al Tasso Matarocchio,1500 ml bottle,"$2791.00
Price $2791.00",Check Availability
,Dal Forno Romano Monte Lodoletta Amarone della Valpolicella 2012,3000 ml bottle,"$2740.00
Price $2740.00",Check Availability
,Ulysses 2019,6000 ml bottle,"$2680.00
Price $2680.00",Check Availability
,Château Latour 2000,750 ml bottle,"$2670.00
Price $2670.00",Check Availability
,Château Lafite Rothschild 2020,1500 ml bottle,"$2640.85
Price $2640.85",Check Availability
,Opus One 2006,1500 ml bottle,"$2499.00
Price $2499.00",Check Availability
,Dal Forno Romano Monte Lodoletta Amarone della Valpolicella 2011,3000 ml bottle,"$2499.00
Price $2499.00",Check Availability
,Gaja Costa Russi 2020,1500 ml bottle,"$2489.00
Price $2489.00",Check Availability
,Château Haut-Brion 2020,1500 ml bottle,"$2419.85
Price $2419.85",Check Availability
,Masseto 2020,1500 ml bottle,"$2409.00
Price $2409.00",Check Availability
,Penfolds Grange Shiraz 2014,1500 ml bottle,"$2400.00
Price $2400.00",Check Availability
,Château Margaux 2010,750 ml bottle,"$2395.00
Price $2395.00",Check Availability
,Château Haut-Brion 2016,1500 ml bottle,"$2359.85
Price $2359.85",Check Availability
,Château Margaux 2005,750 ml bottle,"$2345.00
Price $2345.00",Check Availability
,Château Mouton Rothschild 2005,750 ml bottle,"$2300.00
Price $2300.00",Check Availability
,Château Canon 2015,3000 ml bottle,"$2250.00
Price $2250.00",Check Availability
,Château Lafite Rothschild 2006,750 ml bottle,"$2200.00
Price $2200.00",Check Availability
,Promontory 2018,750 ml bottle,"$2200.00
Price $2200.00",Check Availability
,Opus One 2010,1500 ml bottle,"$2199.00
Price $2199.00",Check Availability
,Remoissenet Père Et Fils Clos Vougeot Grand Cru 1952,750 ml bottle,"$2170.00
Price $2170.00",Check Availability
,Château Haut-Brion 2009,750 ml bottle,"$2150.00
Price $2150.00",Check Availability
,Château Haut-Brion 2005,750 ml bottle,"$2150.00
Price $2150.00",Check Availability
,Château Margaux 1995,750 ml bottle,"$2100.00
Price $2100.00",Check Availability
,Château Haut-Brion 1998,750 ml bottle,"$2100.00
Price $2100.00",Check Availability
,Col d'Orcia Poggio al Vento Riserva Brunello di Montalcino (Magnum) 1990,1500 ml bottle,"$2100.00
Price $2100.00",Check Availability
,Château Latour 2005,750 ml bottle,"$2035.00
Price $2035.00",Check Availability
,Carruades de Lafite 2016,1500 ml bottle,"$2020.00
Price $2020.00",Check Availability
,Château de Beaucastel Hommage à Jacques Perrin Châteauneuf-du-Pape 2000,1500 ml bottle,"$2000.00
Price $2000.00",Check Availability
,Roagna Riserva Pira Barolo 2006,1500 ml bottle,"$1999.00
Price $1999.00",Check Availability
,Château Margaux 1988,750 ml bottle,"$1995.00
Price $1995.00",Check Availability
,Château Margaux 2001,750 ml bottle,"$1995.00
Price $1995.00",Check Availability
,Dominus 2020,3000 ml bottle,"$1980.00
Price $1980.00",Check Availability
,Guado al Tasso Matarocchio 2011,1500 ml bottle,"$1905.75
Price $1905.75",Check Availability
,Château Lafite-Rothschild 2011,750 ml bottle,"$1875.00
Price $1875.00",Check Availability
,Château La Mission Haut-Brion 2006,1500 ml bottle,"$1875.00
Price $1875.00",Check Availability
,Roagna Crichët Pajé Barbaresco 2014,750 ml bottle,"$1860.00
Price $1860.00",Check Availability
,Luce Lux Vitis 2019,6000 ml bottle,"$1848.00
Price $1848.00",Check Availability
,Château Latour 1989,750 ml bottle,"$1840.00
Price $1840.00",Check Availability
,Solaia 2005,1500 ml bottle,"$1835.00
Price $1835.00",Check Availability
,Hospices de Beaune Cuvée Jean-Luc Bissey Échezeaux Grand Cru 2014,750 ml bottle,"$1830.00
Price $1830.00",Limited Availability
,Château Margaux 1995,750 ml bottle,"$1800.00
Price $1800.00",Check Availability
,Château Mouton Rothschild 2005,750 ml bottle,"$1800.00
Price $1800.00",Check Availability
,Domaine Ponsot Cuvée Vieilles Vignes Clos de la Roche Grand Cru 2016,1500 ml bottle,"$1770.00
Price $1770.00",Check Availability
,Luce 2007,6000 ml bottle,"$1765.00
Price $1765.00",Check Availability
,Guado al Tasso Matarocchio 2013,1500 ml bottle,"$1731.25
Price $1731.25",Check Availability
,Remoissenet Pére Et Fils Clos Vougeot,750 ml bottle,"$1710.00
Price $1710.00",Check Availability
,Gaja Sperss 2019,1500 ml bottle,"$1695.00
Price $1695.00",Check Availability
,Château Haut-Brion 1995,750 ml bottle,"$1695.00
Price $1695.00",Check Availability
,Valbuena 5° 2018,3000 ml bottle,"$1695.00
Price $1695.00",Check Availability
,Guado al Tasso Matarocchio 2012,1500 ml bottle,"$1694.75
Price $1694.75",Check Availability
,M. Chapoutier Ermitage Le Pavillon 2009,1500 ml bottle,"$1685.00
Price $1685.00",Check Availability
,Castello di Ama L'Apparita 2020,3000 ml bottle,"$1680.00
Price $1680.00",Check Availability
,Castello di Ama Vigneto La Casuccia Gran Selezione Chianti Classico 2020,3000 ml bottle,"$1680.00
Price $1680.00",Check Availability
,Castello di Ama Vigneto Bellavista Gran Selezione Chianti Classico 2020,3000 ml bottle,"$1680.00
Price $1680.00",Check Availability
,Château Smith Haut Lafitte 2010,3000 ml bottle,"$1670.00
Price $1670.00",Check Availability
,Eisele Vineyard Cabernet Sauvignon 2018,1500 ml bottle,"$1655.00
Price $1655.00",Available
,Valbuena 5°,3000 ml bottle,"$1650.00
Price $1650.00",Check Availability
,Único,1500 ml bottle,"$1650.00
Price $1650.00",Check Availability
,Bass Phillip Reserve Pinot Noir 2021,,"$1602.00
Price $1602.00",Check Availability
,Château Margaux 2004,750 ml bottle,"$1595.00
Price $1595.00",Check Availability
,Château Troplong Mondot 2010,3000 ml bottle,"$1595.00
Price $1595.00",Check Availability
,Château Ausone 2008,750 ml bottle,"$1580.00
Price $1580.00",Check Availability
,Domaine de la Romanée-Conti La Tâche Grand Cru 2019,750 ml bottle,"$1575.00
Price $1575.00",Check Availability
,Pingus 2011,750 ml bottle,"$1575.00
Price $1575.00",Check Availability
,Castello di Ama L'Apparita,3000 ml bottle,"$1555.00
Price $1555.00",Check Availability
